0,aqua hair aqua eyes
1,aqua hair aqua eyes
2,aqua hair aqua eyes
3,aqua hair aqua eyes
4,aqua hair aqua eyes
5,aqua hair aqua eyes
6,aqua hair aqua eyes
7,aqua hair aqua eyes
8,aqua hair aqua eyes
9,aqua hair aqua eyes
10,aqua hair aqua eyes
11,aqua hair aqua eyes
12,aqua hair aqua eyes
13,aqua hair aqua eyes
14,aqua hair aqua eyes
15,aqua hair aqua eyes
16,aqua hair aqua eyes
17,aqua hair aqua eyes
18,aqua hair aqua eyes
19,aqua hair aqua eyes
20,aqua hair aqua eyes
21,aqua hair aqua eyes
22,aqua hair aqua eyes
23,aqua hair aqua eyes
24,aqua hair aqua eyes
25,aqua hair aqua eyes
26,aqua hair aqua eyes
27,aqua hair aqua eyes
28,aqua hair aqua eyes
29,aqua hair aqua eyes
30,aqua hair aqua eyes
31,aqua hair aqua eyes
32,aqua hair aqua eyes
33,aqua hair aqua eyes
34,aqua hair aqua eyes
35,aqua hair aqua eyes
36,aqua hair aqua eyes
37,aqua hair aqua eyes
38,aqua hair aqua eyes
39,aqua hair aqua eyes
40,aqua hair aqua eyes
41,aqua hair aqua eyes
42,aqua hair aqua eyes
43,aqua hair aqua eyes
44,aqua hair aqua eyes
45,aqua hair aqua eyes
46,aqua hair aqua eyes
47,aqua hair aqua eyes
48,aqua hair aqua eyes
49,aqua hair aqua eyes
50,aqua hair aqua eyes
51,aqua hair aqua eyes
52,aqua hair aqua eyes
53,aqua hair aqua eyes
54,aqua hair aqua eyes
55,aqua hair aqua eyes
56,aqua hair aqua eyes
57,aqua hair aqua eyes
58,aqua hair aqua eyes
59,aqua hair aqua eyes
60,aqua hair aqua eyes
61,aqua hair aqua eyes
62,aqua hair aqua eyes
63,aqua hair aqua eyes
64,aqua hair aqua eyes
65,aqua hair aqua eyes
66,aqua hair aqua eyes
67,aqua hair aqua eyes
68,aqua hair aqua eyes
69,aqua hair aqua eyes
70,aqua hair aqua eyes
71,aqua hair aqua eyes
72,aqua hair aqua eyes
73,aqua hair aqua eyes
74,aqua hair aqua eyes
75,aqua hair aqua eyes
76,aqua hair aqua eyes
77,aqua hair aqua eyes
78,aqua hair aqua eyes
79,aqua hair aqua eyes
80,aqua hair aqua eyes
81,aqua hair aqua eyes
82,aqua hair aqua eyes
83,aqua hair aqua eyes
84,aqua hair aqua eyes
85,aqua hair aqua eyes
86,aqua hair aqua eyes
87,aqua hair aqua eyes
88,aqua hair aqua eyes
89,aqua hair aqua eyes
90,aqua hair aqua eyes
91,aqua hair aqua eyes
92,aqua hair aqua eyes
93,aqua hair aqua eyes
94,aqua hair aqua eyes
95,aqua hair aqua eyes
96,aqua hair aqua eyes
97,aqua hair aqua eyes
98,aqua hair aqua eyes
99,aqua hair aqua eyes
100,aqua hair aqua eyes
101,aqua hair aqua eyes
102,aqua hair aqua eyes
103,aqua hair aqua eyes
104,aqua hair aqua eyes
105,aqua hair aqua eyes
106,aqua hair aqua eyes
107,aqua hair aqua eyes
108,aqua hair aqua eyes
109,aqua hair aqua eyes
110,aqua hair aqua eyes
111,aqua hair aqua eyes
112,aqua hair aqua eyes
113,aqua hair aqua eyes
114,aqua hair aqua eyes
115,aqua hair aqua eyes
116,aqua hair aqua eyes
117,aqua hair aqua eyes
118,aqua hair aqua eyes
119,aqua hair aqua eyes
120,aqua hair aqua eyes
121,aqua hair aqua eyes
122,aqua hair aqua eyes
123,aqua hair aqua eyes
124,aqua hair aqua eyes
125,aqua hair aqua eyes
126,aqua hair aqua eyes
127,aqua hair aqua eyes
128,aqua hair aqua eyes
129,aqua hair aqua eyes
130,aqua hair aqua eyes
131,aqua hair aqua eyes
132,aqua hair aqua eyes
133,aqua hair aqua eyes
134,aqua hair aqua eyes
135,aqua hair aqua eyes
136,aqua hair aqua eyes
137,aqua hair aqua eyes
138,aqua hair aqua eyes
139,aqua hair aqua eyes
140,aqua hair aqua eyes
141,aqua hair aqua eyes
142,aqua hair aqua eyes
143,aqua hair aqua eyes
144,aqua hair aqua eyes
145,aqua hair aqua eyes
146,aqua hair aqua eyes
147,aqua hair aqua eyes
148,aqua hair aqua eyes
149,aqua hair aqua eyes
150,aqua hair aqua eyes
151,aqua hair aqua eyes
152,aqua hair aqua eyes
153,aqua hair aqua eyes
154,aqua hair aqua eyes
155,aqua hair aqua eyes
156,aqua hair aqua eyes
157,aqua hair aqua eyes
158,aqua hair aqua eyes
159,aqua hair aqua eyes
160,aqua hair aqua eyes
161,aqua hair aqua eyes
162,aqua hair aqua eyes
163,aqua hair aqua eyes
164,aqua hair aqua eyes
165,aqua hair aqua eyes
166,aqua hair black eyes
167,aqua hair black eyes
168,aqua hair black eyes
169,aqua hair black eyes
170,aqua hair black eyes
171,aqua hair black eyes
172,aqua hair black eyes
173,aqua hair black eyes
174,aqua hair black eyes
175,aqua hair black eyes
176,aqua hair black eyes
177,aqua hair black eyes
178,aqua hair black eyes
179,aqua hair black eyes
180,aqua hair black eyes
181,aqua hair black eyes
182,aqua hair black eyes
183,aqua hair black eyes
184,aqua hair black eyes
185,aqua hair black eyes
186,aqua hair black eyes
187,aqua hair black eyes
188,aqua hair black eyes
189,aqua hair black eyes
190,aqua hair black eyes
191,aqua hair black eyes
192,aqua hair black eyes
193,aqua hair black eyes
194,aqua hair black eyes
195,aqua hair black eyes
196,aqua hair black eyes
197,aqua hair black eyes
198,aqua hair black eyes
199,aqua hair black eyes
200,aqua hair black eyes
201,aqua hair black eyes
202,aqua hair black eyes
203,aqua hair black eyes
204,aqua hair black eyes
205,aqua hair black eyes
206,aqua hair black eyes
207,aqua hair black eyes
208,aqua hair black eyes
209,aqua hair black eyes
210,aqua hair black eyes
211,aqua hair black eyes
212,aqua hair black eyes
213,aqua hair black eyes
214,aqua hair black eyes
215,aqua hair black eyes
216,aqua hair black eyes
217,aqua hair black eyes
218,aqua hair black eyes
219,aqua hair black eyes
220,aqua hair black eyes
221,aqua hair black eyes
222,aqua hair black eyes
223,aqua hair black eyes
224,aqua hair black eyes
225,aqua hair black eyes
226,aqua hair black eyes
227,aqua hair black eyes
228,aqua hair black eyes
229,aqua hair black eyes
230,aqua hair black eyes
231,aqua hair black eyes
232,aqua hair black eyes
233,aqua hair black eyes
234,aqua hair black eyes
235,aqua hair black eyes
236,aqua hair black eyes
237,aqua hair black eyes
238,aqua hair black eyes
239,aqua hair black eyes
240,aqua hair black eyes
241,aqua hair black eyes
242,aqua hair black eyes
243,aqua hair black eyes
244,aqua hair black eyes
245,aqua hair black eyes
246,aqua hair black eyes
247,aqua hair black eyes
248,aqua hair black eyes
249,aqua hair black eyes
250,aqua hair black eyes
251,aqua hair black eyes
252,aqua hair black eyes
253,aqua hair black eyes
254,aqua hair black eyes
255,aqua hair black eyes
256,aqua hair black eyes
257,aqua hair black eyes
258,aqua hair black eyes
259,aqua hair black eyes
260,aqua hair black eyes
261,aqua hair black eyes
262,aqua hair black eyes
263,aqua hair black eyes
264,aqua hair black eyes
265,aqua hair black eyes
266,aqua hair black eyes
267,aqua hair black eyes
268,aqua hair black eyes
269,aqua hair black eyes
270,aqua hair black eyes
271,aqua hair black eyes
272,aqua hair black eyes
273,aqua hair black eyes
274,aqua hair black eyes
275,aqua hair black eyes
276,aqua hair black eyes
277,aqua hair black eyes
278,aqua hair black eyes
279,aqua hair black eyes
280,aqua hair black eyes
281,aqua hair black eyes
282,aqua hair black eyes
283,aqua hair black eyes
284,aqua hair black eyes
285,aqua hair black eyes
286,aqua hair black eyes
287,aqua hair black eyes
288,aqua hair black eyes
289,aqua hair black eyes
290,aqua hair black eyes
291,aqua hair black eyes
292,aqua hair black eyes
293,aqua hair black eyes
294,aqua hair black eyes
295,aqua hair black eyes
296,aqua hair black eyes
297,aqua hair black eyes
298,aqua hair black eyes
299,aqua hair black eyes